raw_name,canonical_name
Environmental Science & Engineering,Environmental Engineering
Computational Science & Engineering,Computational Science
Bioinformatics & Genomics,Bioinformatics
Systems Biology,Computational Biology
Applied Physics,Physics
Bioengineering,Biomedical Engineering
Civil & Environmental Engineering,Civil Engineering
Aeronautics & Astronautics,Aerospace Engineering
Management Science & Engineering,Operations Research
Materials Science & Engineering,Materials Science
Earth & Planetary Sciences,Earth Sciences
Biomedical Informatics,Computational Biology
Chemistry & Systems Biology,Chemistry
Computational & Mathematical Engineering,Applied Mathematics
Energy Science & Engineering,Environmental Engineering
Computer Science & Engineering,Computer Science
Nuclear Science & Engineering,Nuclear Engineering
Brain & Cognitive Sciences,Neuroscience
Biology,Computational Biology
Computation for Design and Optimization,Computational Science
Data Science & Machine Learning,Data Science
Biological Engineering,Biomedical Engineering
Statistics & Data Science,Statistics
Urban Studies & Planning,Interdisciplinary Sciences
Engineering,Engineering (General)
Natural Sciences,Interdisciplinary Sciences
Chemical Engineering & Biotechnology,Chemical Engineering
Physics & Astrophysics,Astrophysics
Statistical Science,Statistics
Data-Intensive Science,Data Science
Electrical Engineering & Computer Sciences,Electrical Engineering
Industrial Engineering & Operations Research,Industrial Engineering
Engineering Science,Engineering (General)
Mathematical Modelling & Scientific Computing,Applied Mathematics
Autonomous Intelligent Machines & Systems,Artificial Intelligence
Applied and Computational Mathematics,Applied Mathematics
Chemical & Biological Engineering,Chemical Engineering
Electrical & Computer Engineering,Electrical Engineering
Mechanical & Aerospace Engineering,Mechanical Engineering
Operations Research & Financial Engineering (ORFE),Operations Research
Quantitative & Computational Biology,Computational Biology
Statistics & Machine Learning,Statistics
Astrophysical Sciences,Astrophysics
Geosciences,Earth Sciences
Industrial Engineering & Operations Research (IEOR),Operations Research
Earth & Environmental Engineering,Environmental Engineering
Aerospace,Aerospace Engineering
Biochemistry & Molecular Biophysics,Biochemistry
Geochemistry,Earth Sciences
Computational and Applied Mathematics,Applied Mathematics
Biological Chemistry,Biochemistry
Molecular Engineering,Biomedical Engineering
Geophysical Sciences,Earth Sciences
Computational Social Science,Interdisciplinary Sciences
Genomics & Systems Biology,Bioinformatics
Chemical & Environmental Engineering,Chemical Engineering
Molecular Biophysics & Biochemistry,Biochemistry
Computational Biology & Bioinformatics,Bioinformatics
Ecology & Evolutionary Biology,Computational Biology
Operations Research & Information Engineering,Operations Research
Data Science & AI,Data Science
Astrophysics & Space Science,Astrophysics
Energy Engineering,Environmental Engineering
Earth & Environmental Sciences,Earth Sciences
Robotics & Artificial Intelligence,Artificial Intelligence
Physics & Astronomy,Physics
Medical Physics & Biomedical Engineering,Biomedical Engineering
Electrical & Electronic Engineering,Electrical Engineering
Computational Statistics & Machine Learning,CS & AI
Computer & Information Science,Computer Science
Applied Mathematics & Computational Science,Applied Mathematics
Chemical & Biomolecular Engineering,Chemical Engineering
Electrical & Systems Engineering,Electrical Engineering
Mechanical Engineering & Applied Mechanics,Mechanical Engineering
Networked & Social Systems Engineering,Systems Engineering
Genomics & Computational Biology,Bioinformatics
Atmospheric & Oceanic Sciences,Earth Sciences
Computer Engineering,Electrical Engineering
Computational & Systems Biology,Computational Biology
Industrial & Systems Engineering,Industrial Engineering
Computer Science & Technology,Computer Science
Electronic Engineering,Electrical Engineering
Automation,Systems Engineering
Applied Mathematics & Statistics,Applied Mathematics
Civil & Systems Engineering,Civil Engineering
Biophysics,Biochemistry
Computational Medicine,Computational Biology
Chemical & Nano Engineering,Chemical Engineering
Structural Engineering,Civil Engineering
Cognitive Science,Neuroscience
Biostatistics,Statistics
Chemistry & Chemical Biology,Chemistry
Electrical Engineering & Information Technology,Electrical Engineering
Mechanical Engineering & Process Engineering,Mechanical Engineering
"Robotics, Systems & Control",Systems Engineering
Health Sciences & Technology,Biomedical Engineering
Biotechnology,Biochemistry
Atmospheric Sciences,Earth Sciences
Mechanical & Industrial Engineering,Mechanical Engineering
Mathematics & Statistics,Mathematics
Computing,Computer Science
Biochemistry & Biotechnology,Biochemistry
Aeronautics,Aerospace Engineering
Design Engineering,Engineering (General)
Energy,Environmental Engineering
Neural Science,Neuroscience
Chemical Biology,Biochemistry
Naval Architecture & Ocean Engineering,Engineering (General)
Industrial Engineering & Management Sciences,Industrial Engineering
Information Science,Computer Science
Astronomy,Astrophysics
Earth & Planetary Science,Earth Sciences
Mathematical Engineering & Information Physics,Applied Mathematics
Industrial & Operations Engineering,Industrial Engineering
Astrophysics & Space Sciences,Astrophysics
Economics,Interdisciplinary Sciences
Computational Neuroscience,Neuroscience
Environmental & Earth Sciences,Earth Sciences
Actuarial Mathematics,Actuarial Science
Nanoscience,Materials Science
Mathematical Modelling,Applied Mathematics
Environmental & Natural Resource Economics,Interdisciplinary Sciences
Computer Sciences,Computer Science
Biomedical Sciences,Biomedical Engineering
Earth Sciences & Environment,Earth Sciences
Statistics & Operations Research,Statistics
Applied Sciences,Engineering (General)
Bioinformatics & Computational Biology,Bioinformatics
Environmental Sciences,Earth Sciences
Earth & Space Sciences,Earth Sciences
Nuclear Physics,Nuclear Engineering
Environmental Science,Earth Sciences
Biomedicine,Computational Biology
Oceanography,Earth Sciences
Chemistry & Chemical Engineering,Chemical Engineering
Life Sciences Engineering,Biomedical Engineering
Microengineering,Engineering (General)
Environmental Sciences & Engineering,Environmental Engineering
Robotics,Systems Engineering
Data Engineering & Analytics,Data Science
Computational Mechanics,Computational Science
Robotics & Autonomous Systems,Artificial Intelligence
Actuarial Science & Mathematics,Actuarial Science
Statistics & Scientific Computation,Statistics
Petroleum Engineering,Engineering (General)
Computational Engineering,Computational Science
Mining Engineering,Engineering (General)
Materials Engineering,Materials Science
"Nuclear, Plasma & Radiological Engineering",Nuclear Engineering
Atmospheric & Oceanic Science,Earth Sciences
Data Science & Analytics,Data Science
Quantitative Finance,Applied Mathematics
Computational Sciences,Computational Science
Cognitive Neuroscience,Neuroscience
Molecular & Cellular Life Sciences,Biochemistry
Mechanical Engineering (via King's),Mechanical Engineering
Neuroinformatics,Neuroscience
Industrial & Manufacturing Systems Engineering,Industrial Engineering
Geodesy,Earth Sciences
Statistics & Applied Probability,Statistics
Dynamical Neuroscience,Neuroscience
Computer Science & Applied Mathematics,Computer Science
Particle Physics & Astrophysics,Astrophysics
Computational Cognitive Science,Neuroscience
Mining & Materials Engineering,Materials Science
Actuarial Studies,Actuarial Science
Data Analytics,Data Science
Computational Life Sciences,Computational Biology
Translational Biology & Molecular Medicine,Computational Biology
Data Science & Artificial Intelligence,Data Science
Agricultural Sciences,Interdisciplinary Sciences
Energy & Power Engineering,Environmental Engineering
Nanosciences,Materials Science
Engineering Mathematics,Applied Mathematics
Computational Intelligence,CS & AI
Meteorology,Earth Sciences
